"会社","費用表示の分類","公表手数料","費用注記","入金目安","時間の起点・条件","公表金額","初回上限","基本確認日","追加確認日","公式出典"
"ウリモ","単一料率非掲載","—","単一の公表料率を掲載していない","—","—","—","初回上限は掲載情報で特定せず","2026-10-09","—","https://hso-hab.github.io/hso-factoring-lp/"
"TRUSTLYNE","下限のみ","10%〜","公式サイトが公表する下限料率","審査後 最短30分","申込からではなく、審査完了後の振込目安","初回3万〜300万円","300万円","2026-10-04","2026-10-05","https://trustlyne.jp/ | https://trustlyne.jp/company"
"QuQuMo","下限のみ","1%〜","公式サイトが公表する下限料率","最短2時間","申込から入金まで。必要書類が揃っている場合","上限なし","初回上限は掲載情報で特定せず","2026-10-04","2026-10-05","https://ququmo.com/"
"labol","一律料率","一律10%","公式案内では振込手数料等の追加費用なし","審査後 最短30分","審査完了分は24時間365日振込。審査は24時間ではありません","1万円〜","初回上限は掲載情報で特定せず","2026-10-04","2026-10-05","https://labol.co.jp/ | https://labol.co.jp/common/rules"
"ペイトナー","一律料率","一律10%","別途、振込手数料330円（公式料金ページ）","審査後 最短即日","営業時間内に審査開始した申請が対象。時間外は翌営業日","1万円〜","50万円","2026-10-04","2026-10-05","https://paytner.co.jp/ | https://paytner.co.jp/pricing/ | https://paytner.co.jp/factoring/ | https://paytner.co.jp/paytter/factoring/14434/ | https://paytner.co.jp/paytter/service/18200/ | https://corp.paytner.co.jp/"
"PAYTODAY","下限・上限","1〜9.5%","オンライン利用時の公表手数料","最短30分","公式の入金目安。審査結果は24時間以内にメール回答","10万円〜上限なし","初回上限は掲載情報で特定せず","2026-10-04","2026-10-05","https://paytoday.jp/ | https://paytoday.jp/company"
"OLTA","下限・上限","2〜9%","諸経費込みの公表料率","最短即日","書類完備後1営業日以内に見積。契約後、即日〜翌営業日に振込","下限・上限なし","初回上限は掲載情報で特定せず","2026-10-04","2026-10-05","https://www.olta.co.jp/"
"ビートレーディング","単一料率非掲載","—","単一の公表料率を掲載していない","最短1時間以内","1万〜300万円向けオンライン案内。別の利用経路とは条件が異なります","1万〜300万円","初回上限は掲載情報で特定せず","2026-10-04","2026-10-05","https://betrading.jp/ | https://betrading.jp/service/faq/09/ | https://betrading.jp/service/faq/16/ | https://betrading.jp/service/"
"日本中小企業金融サポート機構","下限のみ","1.5%〜","公式サイトが公表する下限料率","最短3時間","審査結果は最短30分。入金時間とは区別しています","下限・上限なし","初回上限は掲載情報で特定せず","2026-10-04","2026-10-05","https://chushokigyo-support.or.jp/support/factoring/ | https://chushokigyo-support.or.jp/column/factoring/selfemployment/"
"アクセルファクター","単一料率非掲載","—","単一の公表料率を掲載していない","最短2時間","必要書類の送付からの調達目安","最大3億円","初回上限は掲載情報で特定せず","2026-10-04","2026-10-05","https://accelfacter.co.jp/service/encashment.php | https://accelfacter.co.jp/company/"
